event_id,meal_id,sheet_source,datetime,date,event_type,food_text_raw,food_name_std,food_category,qty_raw,unit_raw,qty_numeric,unit_std,grams_final,assumed_100g_flag,default_applied_flag,assumption_reason,usda_match_status,fdcId,usda_description
91ed4476c418,1,Dec25 Jan26,2025-01-12 00:00:00,2025-01-12,fasting,2 eggs,eggs,protein,2,,2.0,count,100.0,False,True,inferred_unit_count_missing_unit,missing,172673,"Bread, egg"
438a07049295,2,Dec25 Jan26,2025-01-15 00:00:00,2025-01-15,fasting,fasting,,fasting,,,100.0,g,100.0,False,True,default_missing_qty_unit_100g,missing,,
ca24887fcd70,3,Dec25 Jan26,2025-12-17 18:00:00,2025-12-17,meal,1 kiwi,kiwi,carb,1,,1.0,count,75.0,False,True,inferred_unit_count_missing_unit,missing,,
ca24887fcd70,3,Dec25 Jan26,2025-12-17 18:00:00,2025-12-17,meal,avocado oil for cooking,avocado oil for cooking,fat,,,100.0,g,100.0,False,True,default_missing_qty_unit_100g,matched,173573,"Oil, avocado"
ca24887fcd70,3,Dec25 Jan26,2025-12-17 18:00:00,2025-12-17,meal,1.5 piece pork chop,pork chop,protein,1.5,piece,1.5,count,100.0,True,False,missing_grams_per_count,missing,2727575,"Pork, chop, center cut, raw"
01fa195cc08d,4,Dec25 Jan26,2025-12-18 00:00:00,2025-12-18,fasting,fasting,,fasting,,,100.0,g,100.0,False,True,default_missing_qty_unit_100g,missing,,
64ebce04833e,5,Dec25 Jan26,2025-12-18 10:20:00,2025-12-18,fasting,none,none,carb,,,100.0,g,100.0,False,True,default_missing_qty_unit_100g,missing,,
64ebce04833e,5,Dec25 Jan26,2025-12-18 10:20:00,2025-12-18,fasting,avocado oil for cooking,avocado oil for cooking,fat,,,100.0,g,100.0,False,True,default_missing_qty_unit_100g,matched,173573,"Oil, avocado"
64ebce04833e,5,Dec25 Jan26,2025-12-18 10:20:00,2025-12-18,fasting,1 piece pork chop,pork chop,protein,1,piece,1.0,count,100.0,True,False,missing_grams_per_count,missing,2727575,"Pork, chop, center cut, raw"
64ebce04833e,5,Dec25 Jan26,2025-12-18 10:20:00,2025-12-18,fasting,2 large eggs,large eggs,protein,2,,2.0,cup,480.0,False,True,inferred_unit_cup_missing_unit,missing,,
5bf626f28400,6,Dec25 Jan26,2025-12-18 10:20:00,2025-12-18,meal,none,none,carb,,,100.0,g,100.0,False,True,default_missing_qty_unit_100g,missing,,
106e551095ec,7,Dec25 Jan26,2025-12-18 17:30:00,2025-12-18,meal,wonton wrappers,wrappers,carb,,,100.0,g,100.0,False,True,default_missing_qty_unit_100g,missing,172802,Wonton wrappers (includes egg roll wrappers)
106e551095ec,7,Dec25 Jan26,2025-12-18 17:30:00,2025-12-18,meal,1 kiwi,kiwi,other,1,,1.0,count,75.0,False,True,inferred_unit_count_missing_unit,missing,,
106e551095ec,7,Dec25 Jan26,2025-12-18 17:30:00,2025-12-18,meal,8 pork wontons,pork,protein,8,,8.0,cup,1920.0,False,True,inferred_unit_cup_missing_unit,missing,173856,"Bologna, pork"
d3dfb0abefbb,8,Dec25 Jan26,2025-12-19 00:00:00,2025-12-19,fasting,fasting,,fasting,,,100.0,g,100.0,False,True,default_missing_qty_unit_100g,missing,,
fb6893e31123,9,Dec25 Jan26,2025-12-19 10:00:00,2025-12-19,fasting,2 eggs,eggs,protein,2,,2.0,count,100.0,False,True,inferred_unit_count_missing_unit,missing,172673,"Bread, egg"
fb6893e31123,9,Dec25 Jan26,2025-12-19 10:00:00,2025-12-19,fasting,3 oz. sliced beef,oz. sliced beef,protein,3,,3.0,cup,720.0,False,True,inferred_unit_cup_missing_unit,missing,,
9162cb29e8ec,10,Dec25 Jan26,2025-12-19 15:00:00,2025-12-19,meal,1 kiwi,kiwi,carb,1,,1.0,count,75.0,False,True,inferred_unit_count_missing_unit,missing,,
9162cb29e8ec,10,Dec25 Jan26,2025-12-19 15:00:00,2025-12-19,meal,mixed nuts,mixed nuts,fat,,,100.0,g,100.0,False,True,default_missing_qty_unit_100g,matched,168599,"Nuts, mixed nuts, dry roasted, with peanuts, with salt added"
3000dce621db,11,Dec25 Jan26,2025-12-19 18:50:00,2025-12-19,meal,avocado oil for cooking,avocado oil for cooking,fat,,,100.0,g,100.0,False,True,default_missing_qty_unit_100g,matched,173573,"Oil, avocado"
b9bc5cb4526c,13,Dec25 Jan26,2025-12-20 00:00:00,2025-12-20,fasting,2 eggs,eggs,protein,2,,2.0,count,100.0,False,True,inferred_unit_count_missing_unit,missing,172673,"Bread, egg"
7a9339c778df,48,Dec25 Jan26,2026-01-01 00:00:00,2026-01-01,fasting,fasting,,fasting,,,100.0,g,100.0,False,True,default_missing_qty_unit_100g,missing,,
131dc62edd22,49,Dec25 Jan26,2026-01-01 11:30:00,2026-01-01,fasting,3 pretzels,pretzels,carb,3,,3.0,count,100.0,True,True,inferred_unit_count_missing_unit,matched,171370,"Babyfood, pretzels"
131dc62edd22,49,Dec25 Jan26,2026-01-01 11:30:00,2026-01-01,fasting,2 eggs,eggs,protein,2,,2.0,count,100.0,False,True,inferred_unit_count_missing_unit,missing,172673,"Bread, egg"
18a0a6f97cab,50,Dec25 Jan26,2026-01-01 18:30:00,2026-01-01,meal,1/4 green onion pancake,green onion pancake,carb,1/4,,0.25,cup,60.0,False,True,inferred_unit_cup_missing_unit,missing,170092,Potato pancakes
18a0a6f97cab,50,Dec25 Jan26,2026-01-01 18:30:00,2026-01-01,meal,chickn soup,chickn soup,other,,,100.0,g,100.0,False,True,default_missing_qty_unit_100g,matched,172899,"Soup, HEALTHY CHOICE Chicken and Rice Soup, canned"
b016438a4abc,51,Dec25 Jan26,2026-01-02 00:00:00,2026-01-02,fasting,fasting,,fasting,,,100.0,g,100.0,False,True,default_missing_qty_unit_100g,missing,,
9e325a87788a,52,Dec25 Jan26,2026-01-02 11:00:00,2026-01-02,fasting,3 eggs,eggs,protein,3,,3.0,count,150.0,False,True,inferred_unit_count_missing_unit,missing,172673,"Bread, egg"
25599ce57245,53,Dec25 Jan26,2026-01-02 11:00:00,2026-01-02,meal,crackers,crackers,carb,,,100.0,g,100.0,False,True,default_missing_qty_unit_100g,missing,173161,Rice crackers
25599ce57245,53,Dec25 Jan26,2026-01-02 11:00:00,2026-01-02,meal,pretzel,pretzel,carb,,,100.0,g,100.0,False,True,default_missing_qty_unit_100g,matched,171370,"Babyfood, pretzels"
25599ce57245,53,Dec25 Jan26,2026-01-02 11:00:00,2026-01-02,meal,9 olives,olives,other,9,,9.0,count,45.0,False,True,inferred_unit_count_missing_unit,missing,172926,"Olive loaf, pork"
577631dabfcd,54,Dec25 Jan26,2026-01-02 11:00:00,2026-01-02,meal,1 kiwi,kiwi,other,1,,1.0,count,75.0,False,True,inferred_unit_count_missing_unit,missing,,
9229626448f5,55,Dec25 Jan26,2026-01-03 00:00:00,2026-01-03,fasting,fasting,,fasting,,,100.0,g,100.0,False,True,default_missing_qty_unit_100g,missing,,
51b016f1e24a,56,Dec25 Jan26,2026-01-03 11:00:00,2026-01-03,fasting,2 eggs,eggs,protein,2,,2.0,count,100.0,False,True,inferred_unit_count_missing_unit,missing,172673,"Bread, egg"
5badfdc86a76,57,Dec25 Jan26,2026-01-03 11:00:00,2026-01-03,meal,1 petzel,petzel,carb,1,,1.0,cup,240.0,False,True,inferred_unit_cup_missing_unit,missing,,
5badfdc86a76,57,Dec25 Jan26,2026-01-03 11:00:00,2026-01-03,meal,1 egg,egg,protein,1,,1.0,count,50.0,False,True,inferred_unit_count_missing_unit,matched,747997,"Eggs, Grade A, Large, egg white"
edef9dded5d3,193,Feb2026,2026-02-01 00:00:00,2026-02-01,fasting,fasting,,fasting,,,100.0,g,100.0,False,True,default_missing_qty_unit_100g,missing,,
98e43c4d2604,194,Feb2026,2026-02-01 10:30:00,2026-02-01,fasting,2 eggs,eggs,unspecified,2,,2.0,count,100.0,False,True,inferred_unit_count_missing_unit,missing,172673,"Bread, egg"
2631b6d81ef4,196,Feb2026,2026-02-01 15:30:00,2026-02-01,meal,2 eggs,eggs,unspecified,2,,2.0,count,100.0,False,True,inferred_unit_count_missing_unit,missing,172673,"Bread, egg"
b56193c807a4,197,Feb2026,2026-02-01 19:00:00,2026-02-01,meal,tofu,tofu,unspecified,,,100.0,g,100.0,False,True,default_missing_qty_unit_100g,matched,167722,Tofu yogurt
b56193c807a4,197,Feb2026,2026-02-01 19:00:00,2026-02-01,meal,pork patty,pork patty,unspecified,,,100.0,g,100.0,False,True,default_missing_qty_unit_100g,missing,172934,"Pork sausage, link/patty, unprepared"
c645a242d53b,198,Feb2026,2026-02-02 00:00:00,2026-02-02,fasting,fasting,,fasting,,,100.0,g,100.0,False,True,default_missing_qty_unit_100g,missing,,
5db452e25f23,199,Feb2026,2026-02-02 10:30:00,2026-02-02,fasting,2 eggs,eggs,unspecified,2,,2.0,count,100.0,False,True,inferred_unit_count_missing_unit,missing,172673,"Bread, egg"
ba259040c75b,201,Feb2026,2026-02-02 16:00:00,2026-02-02,meal,1 egg,egg,unspecified,1,,1.0,count,50.0,False,True,inferred_unit_count_missing_unit,matched,747997,"Eggs, Grade A, Large, egg white"
156da7c717dd,202,Feb2026,2026-02-02 18:30:00,2026-02-02,meal,1/3 apple,apple,unspecified,1/3,,0.3333333333333333,cup,80.0,False,True,inferred_unit_cup_missing_unit,missing,175032,"Strudel, apple"
